[
    {
        "Id": "G1",
        "Nombre": "Grupo 1",
        "Imagen": "imagen1.png",
        "Integrantes": [
            "127",
            "134",
            "108",
            "101"
        ]
    },
    {
        "Id": "G2",
        "Nombre": "Grupo 2",
        "Imagen": "imagen2.png",
        "Integrantes": [
            "145",
            "111",
            "138",
            "122"
        ]
    },
    {
        "Id": "G3",
        "Nombre": "Grupo 3",
        "Imagen": "imagen3.png",
        "Integrantes": [
            "148",
            "142",
            "118",
            "100"
        ]
    },
    {
        "Id": "G4",
        "Nombre": "Grupo 4",
        "Imagen": "imagen4.png",
        "Integrantes": [
            "139",
            "136",
            "117",
            "139"
        ]
    },
    {
        "Id": "G5",
        "Nombre": "Grupo 5",
        "Imagen": "imagen5.png",
        "Integrantes": [
            "101",
            "145",
            "130",
            "147"
        ]
    },
    {
        "Id": "G6",
        "Nombre": "Grupo 6",
        "Imagen": "imagen6.png",
        "Integrantes": [
            "140",
            "116",
            "140",
            "111"
        ]
    },
    {
        "Id": "G7",
        "Nombre": "Grupo 7",
        "Imagen": "imagen7.png",
        "Integrantes": [
            "141",
            "119",
            "130",
            "123"
        ]
    },
    {
        "Id": "G8",
        "Nombre": "Grupo 8",
        "Imagen": "imagen8.png",
        "Integrantes": [
            "125",
            "142",
            "102",
            "130"
        ]
    },
    {
        "Id": "G9",
        "Nombre": "Grupo 9",
        "Imagen": "imagen9.png",
        "Integrantes": [
            "122",
            "149",
            "141",
            "100"
        ]
    },
    {
        "Id": "G10",
        "Nombre": "Grupo 10",
        "Imagen": "imagen10.png",
        "Integrantes": [
            "114",
            "149",
            "114",
            "136"
        ]
    },
    {
        "Id": "G11",
        "Nombre": "Grupo 11",
        "Imagen": "imagen11.png",
        "Integrantes": [
            "110",
            "108",
            "130",
            "115"
        ]
    },
    {
        "Id": "G12",
        "Nombre": "Grupo 12",
        "Imagen": "imagen12.png",
        "Integrantes": [
            "114",
            "104",
            "124",
            "107"
        ]
    },
    {
        "Id": "G13",
        "Nombre": "Grupo 13",
        "Imagen": "imagen13.png",
        "Integrantes": [
            "132",
            "102",
            "105",
            "135"
        ]
    },
    {
        "Id": "G14",
        "Nombre": "Grupo 14",
        "Imagen": "imagen14.png",
        "Integrantes": [
            "115",
            "145",
            "110",
            "131"
        ]
    },
    {
        "Id": "G15",
        "Nombre": "Grupo 15",
        "Imagen": "imagen15.png",
        "Integrantes": [
            "124",
            "102",
            "148",
            "126"
        ]
    },
    {
        "Id": "G16",
        "Nombre": "Grupo 16",
        "Imagen": "imagen16.png",
        "Integrantes": [
            "131",
            "106",
            "106",
            "136"
        ]
    },
    {
        "Id": "G17",
        "Nombre": "Grupo 17",
        "Imagen": "imagen17.png",
        "Integrantes": [
            "135",
            "142",
            "143",
            "127"
        ]
    },
    {
        "Id": "G18",
        "Nombre": "Grupo 18",
        "Imagen": "imagen18.png",
        "Integrantes": [
            "146",
            "134",
            "135",
            "144"
        ]
    },
    {
        "Id": "G19",
        "Nombre": "Grupo 19",
        "Imagen": "imagen19.png",
        "Integrantes": [
            "126",
            "138",
            "137",
            "102"
        ]
    },
    {
        "Id": "G20",
        "Nombre": "Grupo 20",
        "Imagen": "imagen20.png",
        "Integrantes": [
            "105",
            "101",
            "103",
            "147"
        ]
    },
    {
        "Id": "G21",
        "Nombre": "Grupo 21",
        "Imagen": "imagen21.png",
        "Integrantes": [
            "106",
            "107",
            "120",
            "100"
        ]
    },
    {
        "Id": "G22",
        "Nombre": "Grupo 22",
        "Imagen": "imagen22.png",
        "Integrantes": [
            "108",
            "104",
            "132",
            "122"
        ]
    },
    {
        "Id": "G23",
        "Nombre": "Grupo 23",
        "Imagen": "imagen23.png",
        "Integrantes": [
            "137",
            "118",
            "125",
            "111"
        ]
    },
    {
        "Id": "G24",
        "Nombre": "Grupo 24",
        "Imagen": "imagen24.png",
        "Integrantes": [
            "121",
            "128",
            "133",
            "100"
        ]
    },
    {
        "Id": "G25",
        "Nombre": "Grupo 25",
        "Imagen": "imagen25.png",
        "Integrantes": [
            "146",
            "113",
            "103",
            "135"
        ]
    },
    {
        "Id": "G26",
        "Nombre": "Grupo 26",
        "Imagen": "imagen26.png",
        "Integrantes": [
            "129",
            "120",
            "122",
            "118"
        ]
    },
    {
        "Id": "G27",
        "Nombre": "Grupo 27",
        "Imagen": "imagen27.png",
        "Integrantes": [
            "125",
            "116",
            "102",
            "100"
        ]
    },
    {
        "Id": "G28",
        "Nombre": "Grupo 28",
        "Imagen": "imagen28.png",
        "Integrantes": [
            "121",
            "128",
            "120",
            "138"
        ]
    },
    {
        "Id": "G29",
        "Nombre": "Grupo 29",
        "Imagen": "imagen29.png",
        "Integrantes": [
            "126",
            "114",
            "123",
            "100"
        ]
    },
    {
        "Id": "G30",
        "Nombre": "Grupo 30",
        "Imagen": "imagen30.png",
        "Integrantes": [
            "112",
            "147",
            "109",
            "106"
        ]
    }
]