[
    {
        "Id": "100",
        "Nombre": "JOSE LUIS ALVAREZ MORALES",
        "Correo": "jlam97@hotmail.es"
    },
    {
        "Id": "101",
        "Nombre": "ANDRES STEVEN ARAYA ESPINOZA",
        "Correo": "andres2412000ae@gmail.com"
    },
    {
        "Id": "102",
        "Nombre": "DARLING NAOMY ASCH DELGADO",
        "Correo": "naoasch@gmail.com"
    },
    {
        "Id": "103",
        "Nombre": "DANIEL ALBERTO BENAVIDES ROBLES",
        "Correo": "dbenavides247@gmail.com"
    },
    {
        "Id": "104",
        "Nombre": "YANICSIA GALILEA CASCO",
        "Correo": "yanixagomez73@icloud.com"
    },
    {
        "Id": "105",
        "Nombre": "CHRISTIAN MAURICIO CUBILLO MORAGA",
        "Correo": "cubillo721@gmail.com"
    },
    {
        "Id": "106",
        "Nombre": "JOHAN ANDRES ESPINOZA ALFARO",
        "Correo": "johanespinoza997@gmail.com"
    },
    {
        "Id": "107",
        "Nombre": "YODAN ESPINOZA CARBALLO",
        "Correo": "espinozajohan9@gmail.com"
    },
    {
        "Id": "108",
        "Nombre": "MELISSA DE LOS ANGELES FALLAS JIMENEZ",
        "Correo": "melifj2412@gmail.com"
    },
    {
        "Id": "109",
        "Nombre": "DANIEL GONZALEZ QUIROS",
        "Correo": "dannygoz412@gmail.com"
    },
    {
        "Id": "110",
        "Nombre": "JENNIFER PAOLA HERNANDEZ JIMENEZ",
        "Correo": "hjennifer046@gmail.com"
    },
    {
        "Id": "111",
        "Nombre": "FREDDY GERARDO MARTINEZ ESPINOZA",
        "Correo": "f.martineze24@gmail.com"
    },
    {
        "Id": "112",
        "Nombre": "KENDALL ANDRES MEZA SANCHEZ",
        "Correo": "kendatsanchezmeza@gmail.com"
    },
    {
        "Id": "113",
        "Nombre": "RONALD ENRIQUE MONGE CARRANZA",
        "Correo": "rmonge@edu.upolitecnica.cr"
    },
    {
        "Id": "114",
        "Nombre": "LUIS FELIPE MORA UMAÑA",
        "Correo": "lfm2515@gmail.com"
    },
    {
        "Id": "115",
        "Nombre": "MANUEL NAVARRO VALVERDE",
        "Correo": "manuelnavides23@gmail.com"
    },
    {
        "Id": "116",
        "Nombre": "MARVIN JOSUE RAMOS RODRIGUEZ",
        "Correo": "rodriguezm061@gmail.com"
    },
    {
        "Id": "117",
        "Nombre": "KEVIN EDUARDO RODRIGUEZ GAMBOA",
        "Correo": "kerovin10@gmail.com"
    },
    {
        "Id": "118",
        "Nombre": "GERARDO ANTONIO RODRIGUEZ SOLERA",
        "Correo": "gerardoras0902@gmail.com"
    },
    {
        "Id": "119",
        "Nombre": "CESAR ALEJANDRO SALAS JIMENEZ",
        "Correo": "c.jimenez.91@hotmail.com"
    },
    {
        "Id": "120",
        "Nombre": "LUIS ANTONIO SANTANA MARTINEZ",
        "Correo": "luissantana2803@gmail.com"
    },
    {
        "Id": "121",
        "Nombre": "PABLO ANDRES TORRES VILLALOBOS",
        "Correo": "torresandres241@gmail.com"
    },
    {
        "Id": "122",
        "Nombre": "LUIS PAULINO VILLALOBOS CONEJO",
        "Correo": "pauliwillalob2004@gmail.com"
    },
    {
        "Id": "123",
        "Nombre": "LUIS DIEGO VILLALOBOS MOLINA",
        "Correo": "ldiego07@gmail.com"
    },
    {
        "Id": "124",
        "Nombre": "user1",
        "Correo": "user1@gmail.com"
    },
    {
        "Id": "125",
        "Nombre": "user2",
        "Correo": "user2@gmail.com"
    },
    {
        "Id": "126",
        "Nombre": "user3",
        "Correo": "user3@gmail.com"
    },
    {
        "Id": "127",
        "Nombre": "user4",
        "Correo": "user4@gmail.com"
    },
    {
        "Id": "128",
        "Nombre": "user5",
        "Correo": "user5@gmail.com"
    },
    {
        "Id": "129",
        "Nombre": "user6",
        "Correo": "user6@gmail.com"
    },
    {
        "Id": "130",
        "Nombre": "user7",
        "Correo": "user7@gmail.com"
    },
    {
        "Id": "131",
        "Nombre": "user8",
        "Correo": "user8@gmail.com"
    },
    {
        "Id": "132",
        "Nombre": "user9",
        "Correo": "user9@gmail.com"
    },
    {
        "Id": "133",
        "Nombre": "user10",
        "Correo": "user10@gmail.com"
    },
    {
        "Id": "134",
        "Nombre": "user11",
        "Correo": "user11@gmail.com"
    },
    {
        "Id": "135",
        "Nombre": "user12",
        "Correo": "user12@gmail.com"
    },
    {
        "Id": "136",
        "Nombre": "user13",
        "Correo": "user13@gmail.com"
    },
    {
        "Id": "137",
        "Nombre": "user14",
        "Correo": "user14@gmail.com"
    },
    {
        "Id": "138",
        "Nombre": "user15",
        "Correo": "user15@gmail.com"
    },
    {
        "Id": "139",
        "Nombre": "user16",
        "Correo": "user16@gmail.com"
    },
    {
        "Id": "140",
        "Nombre": "user17",
        "Correo": "user17@gmail.com"
    },
    {
        "Id": "141",
        "Nombre": "user18",
        "Correo": "user18@gmail.com"
    },
    {
        "Id": "142",
        "Nombre": "user19",
        "Correo": "user19@gmail.com"
    },
    {
        "Id": "143",
        "Nombre": "user20",
        "Correo": "user20@gmail.com"
    },
    {
        "Id": "144",
        "Nombre": "user21",
        "Correo": "user21@gmail.com"
    },
    {
        "Id": "145",
        "Nombre": "user22",
        "Correo": "user22@gmail.com"
    },
    {
        "Id": "146",
        "Nombre": "user23",
        "Correo": "user23@gmail.com"
    },
    {
        "Id": "147",
        "Nombre": "user24",
        "Correo": "user24@gmail.com"
    },
    {
        "Id": "148",
        "Nombre": "user25",
        "Correo": "user25@gmail.com"
    },
    {
        "Id": "149",
        "Nombre": "user26",
        "Correo": "user26@gmail.com"
    }
]