[
    {
        "Id": "100",
        "Nombre": "JOSE LUIS ALVAREZ MORALES"
    },
    {
        "Id": "101",
        "Nombre": "ANDRES STEVEN ARAYA ESPINOZA"
    },
    {
        "Id": "102",
        "Nombre": "DARLING NAOMY ASCH DELGADO"
    },
    {
        "Id": "103",
        "Nombre": "DANIEL ALBERTO BENAVIDES ROBLES"
    },
    {
        "Id": "104",
        "Nombre": "YANICSIA GALILEA CASCO"
    },
    {
        "Id": "105",
        "Nombre": "CHRISTIAN MAURICIO CUBILLO MORAGA"
    },
    {
        "Id": "106",
        "Nombre": "JOHAN ANDRES ESPINOZA ALFARO"
    },
    {
        "Id": "107",
        "Nombre": "YODAN ESPINOZA CARBALLO"
    },
    {
        "Id": "108",
        "Nombre": "MELISSA DE LOS ANGELES FALLAS JIMENEZ"
    },
    {
        "Id": "109",
        "Nombre": "DANIEL GONZALEZ QUIROS"
    },
    {
        "Id": "110",
        "Nombre": "JENNIFER PAOLA HERNANDEZ JIMENEZ"
    },
    {
        "Id": "111",
        "Nombre": "FREDDY GERARDO MARTINEZ ESPINOZA"
    },
    {
        "Id": "112",
        "Nombre": "KENDALL ANDRES MEZA SANCHEZ"
    },
    {
        "Id": "113",
        "Nombre": "RONALD ENRIQUE MONGE CARRANZA"
    },
    {
        "Id": "114",
        "Nombre": "LUIS FELIPE MORA UMAÑA"
    },
    {
        "Id": "115",
        "Nombre": "MANUEL NAVARRO VALVERDE"
    },
    {
        "Id": "116",
        "Nombre": "MARVIN JOSUE RAMOS RODRIGUEZ"
    },
    {
        "Id": "117",
        "Nombre": "KEVIN EDUARDO RODRIGUEZ GAMBOA"
    },
    {
        "Id": "118",
        "Nombre": "GERARDO ANTONIO RODRIGUEZ SOLERA"
    },
    {
        "Id": "119",
        "Nombre": "CESAR ALEJANDRO SALAS JIMENEZ"
    },
    {
        "Id": "120",
        "Nombre": "LUIS ANTONIO SANTANA MARTINEZ"
    },
    {
        "Id": "121",
        "Nombre": "PABLO ANDRES TORRES VILLALOBOS"
    },
    {
        "Id": "122",
        "Nombre": "LUIS PAULINO VILLALOBOS CONEJO"
    },
    {
        "Id": "123",
        "Nombre": "LUIS DIEGO VILLALOBOS MOLINA"
    },
    {
        "Id": "124",
        "Nombre": "user1"
    },
    {
        "Id": "125",
        "Nombre": "user2"
    },
    {
        "Id": "126",
        "Nombre": "user3"
    },
    {
        "Id": "127",
        "Nombre": "user4"
    },
    {
        "Id": "128",
        "Nombre": "user5"
    },
    {
        "Id": "129",
        "Nombre": "user6"
    },
    {
        "Id": "130",
        "Nombre": "user7"
    },
    {
        "Id": "131",
        "Nombre": "user8"
    },
    {
        "Id": "132",
        "Nombre": "user9"
    },
    {
        "Id": "133",
        "Nombre": "user10"
    },
    {
        "Id": "134",
        "Nombre": "user11"
    },
    {
        "Id": "135",
        "Nombre": "user12"
    },
    {
        "Id": "136",
        "Nombre": "user13"
    },
    {
        "Id": "137",
        "Nombre": "user14"
    },
    {
        "Id": "138",
        "Nombre": "user15"
    },
    {
        "Id": "139",
        "Nombre": "user16"
    },
    {
        "Id": "140",
        "Nombre": "user17"
    },
    {
        "Id": "141",
        "Nombre": "user18"
    },
    {
        "Id": "142",
        "Nombre": "user19"
    },
    {
        "Id": "143",
        "Nombre": "user20"
    },
    {
        "Id": "144",
        "Nombre": "user21"
    },
    {
        "Id": "145",
        "Nombre": "user22"
    },
    {
        "Id": "146",
        "Nombre": "user23"
    },
    {
        "Id": "147",
        "Nombre": "user24"
    },
    {
        "Id": "148",
        "Nombre": "user25"
    },
    {
        "Id": "149",
        "Nombre": "user26"
    }
]